id,display_title,doc_code,doc_kind,release,month_year,filename,bytes,sha256,relpath
31,,,,,,O-RAN.TIFG.E2ETSTFWK.0-v01.00.pdf,2058285,bffc70106a976b4a09d432772a122b18362f2a03cf0c50ef8f4cae5acfae7bbf,downloads/O-RAN.TIFG.E2ETSTFWK.0-v01.00.pdf
32,,,,,,O-RAN.WG1.O1-Interface.0-v04.00.pdf,1585899,e56216c86b396d4c44c3a600f2facf0862b7c706a6b0464824d95f092197a7c2,downloads/O-RAN.WG1.O1-Interface.0-v04.00.pdf
33,,,,,,O-RAN.WG1.OAM-Architecture-v04.00.pdf,3805951,355d24fa8c105ad1950ba3f457db646e02028305f8ff05b8e716db2ec4cefa7e,downloads/O-RAN.WG1.OAM-Architecture-v04.00.pdf
38,,,,,,O-RAN.WG1.Information Model and Data Models-v01.00.pdf,798845,eca6a3ecf1f34501b1ffa6feb1c7f02db03982c3b0d343c0a758911cb0c42b93,downloads/O-RAN.WG1.Information Model and Data Models-v01.00.pdf
55,,,,,,O-RAN.WG6.CLOUD-REF-v02.00.pdf,3009300,2d866f86e5e3a5f66211995a7274475aa2b81f57c95b8e7851a32c79c3121826,downloads/O-RAN.WG6.CLOUD-REF-v02.00.pdf
61,,,,,,O-RAN.WG9.XTRP-REQ-v01.00.pdf,2637971,5fb7291d88b92c1f554fd720d7b28fa6e0458f2feae9eb6c2248ffdc441a648b,downloads/O-RAN.WG9.XTRP-REQ-v01.00.pdf
74,,,,,,O-RAN.WG2.Non-RT-RIC-ARCH-TR-v01.01.pdf,3902882,366cb05674d3104148c4e2a83610bb441d6a38dfc97dadf76c0b23d8db915f8f,downloads/O-RAN.WG2.Non-RT-RIC-ARCH-TR-v01.01.pdf
90,,,,,,O-RAN.WG7.OMC-HAR.0-v01.00.pdf,807131,2e8e9c983e097db97fab48dbedc32db2f006ccddbad820b63fd41147f8935222,downloads/O-RAN.WG7.OMC-HAR.0-v01.00.pdf
104,,,,,,O-RAN.WG1.Study-on-O-RAN-Slicing-v02.00.pdf,1292117,c5ba3f9b6b6714e1a11fe43331d5e2a79dc235fb56ef6c294d0139606cc8f206,downloads/O-RAN.WG1.Study-on-O-RAN-Slicing-v02.00.pdf
123,,,,,,ORAN-WG3.E2SM-NI-v01.00.pdf,771333,1f5e1012fb2d434e2088c54f5ec04d9bfc3c783f8476db913b8dfd7053fc5dfe,downloads/ORAN-WG3.E2SM-NI-v01.00.pdf
139,,,,,,O-RAN.WG5.Transport.0-v01.00.docx,330957,9a87fa76d6536fe726eb1eb24ac0cc73c52d60708c33df1536e30628c16196c5,downloads/O-RAN.WG5.Transport.0-v01.00.docx
158,,,,,,O-RAN.WG2.AIML-v01.03.pdf,3692403,afd260f0360d91e64516f637c17bdd25f24ec5594fe67429a48b5ffd69e4611c,downloads/O-RAN.WG2.AIML-v01.03.pdf
187,,,,,,O-RAN.WG7.IPC-HRD-Opt8.0-v03.00.pdf,5104074,081806fa7e36a58dc6bfed233e59c31414e1c16f8ac190a01bafd6ba7edfd114,downloads/O-RAN.WG7.IPC-HRD-Opt8.0-v03.00.pdf
191,,,,,,O-RAN.WG7.FHGW-HRD.0-v02.00.pdf,1185914,76f4e742bf4d832ce1c9e1a832795742c93b91f967294c0bb21eea7565681688,downloads/O-RAN.WG7.FHGW-HRD.0-v02.00.pdf
192,,,,,,O-RAN.WG7.IPC-HRD-Opt6-v02.00.pdf,1801251,62c6c9f515c3764ffd7c905c598ee1873949bd6b02e4a8a286d10e478025bbb0,downloads/O-RAN.WG7.IPC-HRD-Opt6-v02.00.pdf
231,,,,,,O-RAN.WG6.O2-GAnP-v01.02.pdf,2961036,713f3370a2b05ec2b0ac7c665672095ef594596888e7c186b402fb0b0e4f480c,downloads/O-RAN.WG6.O2-GAnP-v01.02.pdf
256,,,,,,O-RAN.SFG.Non-RT-RIC-Security-TR-v01.00.pdf,864131,41b4e4d600c88bb2e662eb8daf4cbd6a1e2942b5e26b9aaaeeeca55dcc228202,downloads/O-RAN.SFG.Non-RT-RIC-Security-TR-v01.00.pdf
267,,,,,,O-RAN.WG1.mMIMO-Use-Cases-TR-v01.00.pdf,3591144,042ac1000d6031ab80758e62902e723e7c2c6f21d2e7b51954e2a44e6c19831e,downloads/O-RAN.WG1.mMIMO-Use-Cases-TR-v01.00.pdf
348,,,,,,O-RAN.WG7.DSC.0-v04.00.pdf,556161,9fe1cd2120c05b3f9492733f8374f4d4a976f69c06870c5677ee462f30353e15,downloads/O-RAN.WG7.DSC.0-v04.00.pdf
367,,,,,,O-RAN.WG4.CTI-TMP-YANG-v03.00.zip,16545,86fe1d528ba455d9f8da14f562cb0832d16c8a214e5937e9018f31f7ed61a1e1,downloads/O-RAN.WG4.CTI-TMP-YANG-v03.00.zip
395,,,,,,O-RAN.WG3.O1-Interface-for-Near-RT-RIC-R003-v01.00.docx,118822,a8d98799bcff1b923aea0d8a0fb3855f42ae4d0ae66181f8ba6afd9256bb7195,downloads/O-RAN.WG3.O1-Interface-for-Near-RT-RIC-R003-v01.00.docx
396,,,,,,O-RAN.WG3.E2TS-R003-v02.00.docx,449268,c7b25fb7d7f0269f03a75762c58d25316fb1384fb1e81f6f9b5dc274ddadf950,downloads/O-RAN.WG3.E2TS-R003-v02.00.docx
415,,,,,,O-RAN.WG7.EMC-HAR-HRD.0-R003-v01.00.pdf,1449563,d9eeced166f401dbbefb757e1b87651e13c715261d681009c8a4d6ee0ae428e7,downloads/O-RAN.WG7.EMC-HAR-HRD.0-R003-v01.00.pdf
442,,,,,,O-RAN.WG1.Network-Energy-Savings-Technical-Report-R003-v02.00.pdf,2677945,821cf468aa81aa0a3170db6003127a148767793e65dd8fa7b10a6b4ad81bf00c,downloads/O-RAN.WG1.Network-Energy-Savings-Technical-Report-R003-v02.00.pdf
458,,,,,,O-RAN.WG4.CTI-TCP.0-R003-v04.00.pdf,3178470,9c108c795dc448880b5905878ed4618b205017c9ca5b1e013733d25ad6415253,downloads/O-RAN.WG4.CTI-TCP.0-R003-v04.00.pdf
459,,,,,,O-RAN.WG4.CTI-TMP.0-R003-v04.00.pdf,4087754,802f2868e5a515ec085542477e53c82b23538ec5567b3cf3b26cac39ed25f7ae,downloads/O-RAN.WG4.CTI-TMP.0-R003-v04.00.pdf
476,,,,,,O-RAN.WG7.OMC-HRD-Opt7-2-R003-v04.00.pdf,2200328,e114e42dcc641b4a5256186d3b540662cbd2a59dc2b400809e6dbde0137b027c,downloads/O-RAN.WG7.OMC-HRD-Opt7-2-R003-v04.00.pdf
539,,,,,,O-RAN-WG6.AppLCM-Deployment-R003-v02.00.pdf,1221555,dd74c19a3a8c9eea64500682af7a572da31fd5c51830bdcf5e356fee5665c7fe,downloads/O-RAN-WG6.AppLCM-Deployment-R003-v02.00.pdf
592,,,,,,O-RAN.WG5.O-DU-O1.0-R003-v09.00.pdf,3031709,ab8fffc95cc878329133f5eea4a00520fe7b643327f33add5aae4fba62bd49ed,downloads/O-RAN.WG5.O-DU-O1.0-R003-v09.00.pdf
593,,,,,,O-RAN.WG5.O-DU-O1.1-R003-v09.00.zip,93231,d83bbcdcd4d836b58faae7384ff6dcca1a3d174400d2f9d6fc09c36a14a47074,downloads/O-RAN.WG5.O-DU-O1.1-R003-v09.00.zip
594,,,,,,O-RAN.WG5.O-DU-O1.2-R003-v09.00.xlsx,119122,2feeb558a72547beebc43256028d1f53b433990db2c5eff581e9771aaa776e37,downloads/O-RAN.WG5.O-DU-O1.2-R003-v09.00.xlsx
595,,,,,,O-RAN.WG5.O-CU-O1.0-R003-v07.00.pdf,2039082,b760bcdfb863171c1cd88dbe021a911328a9a9fd420ef06f6ac04be330ca787e,downloads/O-RAN.WG5.O-CU-O1.0-R003-v07.00.pdf
596,,,,,,O-RAN.WG5.O-CU-O1.1-R003-v07.00.zip,6157,13e1c6977bd50efc93859edad7ca797bfeef37cc17130518ee3758ea1603d29a,downloads/O-RAN.WG5.O-CU-O1.1-R003-v07.00.zip
607,,,,,,O-RAN.WG6.O2-IMS-K8s-R003-v01.00.docx,81238,2a64c20b788444340df053e67f12973014d3434319a2ab78f046cfeefb31d8cd,downloads/O-RAN.WG6.O2-IMS-K8s-R003-v01.00.docx
666,,,,,,O-RAN.WG5.U.0-R003-v07.00.docx,170329,2211fac297e198afb1cfcb95e6392b42d9d88d61b22f1ea67bbf5ae0a626767a,downloads/O-RAN.WG5.U.0-R003-v07.00.docx
670,,,,,,O-RAN.WG6.O-Cloud Notification API-v04.00.docx,574336,ba8b2c0c78ca4ff646de1e0d54c3452bec6aabbd1bfba05ef4896e1bda70d6c7,downloads/O-RAN.WG6.O-Cloud Notification API-v04.00.docx
695,,,,,,O-RAN.SuFG.CE-v01.00.pdf,346063,b7528ac4539bd4beeef359e60ee97aef9366afaad16c769984565510569e80ce,downloads/O-RAN.SuFG.CE-v01.00.pdf
715,,,,,,O-RAN.WG1.TR.SA-MVD-R004-v03.00.docx,1414799,b0285e65fad88e4311bf186247b757ef314884583cb6dd3f721298534a9c92b0,downloads/O-RAN.WG1.TR.SA-MVD-R004-v03.00.docx
716,,,,,,O-RAN.WG1.TR.Decoupled-SMO-Architecture-R004-v03.00.docx,1187035,bdfaffe1d62d639bfd999a8793d5e50dce6822aa5e2cf62cf6e9753e1327d08c,downloads/O-RAN.WG1.TR.Decoupled-SMO-Architecture-R004-v03.00.docx
737,,,,,,O-RAN.WG3.TR.ConMit-R004-v01.00.docx,1207834,bade55c3789c24f108f393f3dbbef2341cb46e67e5327e93060f99a727588e94,downloads/O-RAN.WG3.TR.ConMit-R004-v01.00.docx
755,,,,,,O-RAN.WG6.AAL-MUMIMO-BF-Calc-Profile-R004-v01.01.pdf,202931,54235c70ad3969df02226a7b632ba2f49e6b5658aba56209440c62789b45c62e,downloads/O-RAN.WG6.AAL-MUMIMO-BF-Calc-Profile-R004-v01.01.pdf
756,,,,,,O-RAN.WG6.AAL FEC.R004-v04.00.docx,180835,ff7ab08dcfbb2bbfdd2f7b9fb3cb82da860f4f7c707e064ceb9f15c266ece98f,downloads/O-RAN.WG6.AAL FEC.R004-v04.00.docx
757,,,,,,O-RAN.WG7.IPC-HAR.0-v03.00.pdf,2012433,841ea58c835dc1a20e3fda2598987a149d535f2a6fa3b094902a25d763370248,downloads/O-RAN.WG7.IPC-HAR.0-v03.00.pdf
759,,,,,,O-RAN.WG7.OMAC-HAR.0-v05.00.pdf,1282045,78ffc4476839dd0ecda54f1c1c8bf29db073fda34d1f7b5419193219f40129b8,downloads/O-RAN.WG7.OMAC-HAR.0-v05.00.pdf
778,,,,,,ORAN-WG11-SharedORU-Security-Analysis-TR.0-R004-v06.00.docx,1224193,7bece6f5f7b092cb31663c7d62d09e4e2ce574fe578f6a2fd6a70969b1f1dc32,downloads/ORAN-WG11-SharedORU-Security-Analysis-TR.0-R004-v06.00.docx
780,,,,,,O-RAN.WG11.Security-Log-Management-TR.O-R004-v05.00.docx,799425,b527e25202264851de2f2fb680fd27de35d695feda7ec6edd8bd5de3a6e11f72,downloads/O-RAN.WG11.Security-Log-Management-TR.O-R004-v05.00.docx
808,,,,,,O-RAN.WG3.TS.E2SM-R004-v07.00.pdf,1258694,356eb9c84a4b11032051ad402659bc29c883b3a3267fec68b3559f6771de47e6,downloads/O-RAN.WG3.TS.E2SM-R004-v07.00.pdf
809,,,,,,O-RAN.WG3.TS.E2SM-LLC-R004-v01.00.pdf,768821,b917d19e4dfbf6d5efca202012468f1b55b490937fb20b2f01f87a0953f37790,downloads/O-RAN.WG3.TS.E2SM-LLC-R004-v01.00.pdf
814,,,,,,O-RAN.WG3.TS.UCR-R004-v08.00.pdf,2921440,b6e66c86438c89cf162aa94b7f7546cd41fd803227b8ccb1661337c13d590052,downloads/O-RAN.WG3.TS.UCR-R004-v08.00.pdf
817,,,,,,O-RAN.WG6.CADS-v08.01.pdf,3065640,e94cd5bf1cb98420bd9899c863c8875744f197f4ad9a0f728f4014170d47f57f,downloads/O-RAN.WG6.CADS-v08.01.pdf
826,,,,,,O-RAN.WG7.IPC-TEST.0-v01.docx,593174,d25fb773649cf3b21dac84dfa51b9b7e63fcc0ab417f0032ab58fc3b802efbfc,downloads/O-RAN.WG7.IPC-TEST.0-v01.docx
829,,,,,,ORAN-WG9.WDM.0-R004-v05.00.pdf,2741553,61ea3061689f7a39cd281e6d2c9e987d4d6a9c937d9b9d4a9a575fe78361b2ef,downloads/ORAN-WG9.WDM.0-R004-v05.00.pdf
831,,,,,,O-RAN.WG9.XTRP-SYN.1-R004-v06.00_YANG.zip,3976,a0a2a4907faf0cf13d8033c916fd62d55901ff8eb8e5c9cd71e30ca1946de9bb,downloads/O-RAN.WG9.XTRP-SYN.1-R004-v06.00_YANG.zip
832,,,,,,O-RAN.WG9.XTRP-TST.0-R004-v05.00.pdf,13479727,5867d6330eadc4c90f94b922e710e7df951361b93c5217e8b38e5c2f76317c0d,downloads/O-RAN.WG9.XTRP-TST.0-R004-v05.00.pdf
848,,,,,,O-RAN.WG11.TR.O-RUCUM-R004-v04.00.docx,212396,0031175d6eed1efdc73886b5f49478e9e50401dbdefadc08092781e5092fb4b8,downloads/O-RAN.WG11.TR.O-RUCUM-R004-v04.00.docx
859,,,,,,O-RAN.TIFG.CGofOTIC.0-v06.00.pdf,485184,d605211c8ee1f345db812d3e052ec53b0e137d7c8b8c8f9c37c1d4d2a6c2e592,downloads/O-RAN.TIFG.CGofOTIC.0-v06.00.pdf
860,,,,,,O-RAN.SuFG.TR.NES-Analysis-R004-v01.01.docx,792527,ae0390b152e0504b5bb4fd1f63c64fa709bbdf73085466ceaf532849308f0e91,downloads/O-RAN.SuFG.TR.NES-Analysis-R004-v01.01.docx
863,,,,,,O-RAN.WG1.TS.Slicing-Architecture-R004-v14.01.pdf,3746833,b5f426550e3952231d37989397c359fd1b7876ea700cdc72d7d37b433654da60,downloads/O-RAN.WG1.TS.Slicing-Architecture-R004-v14.01.pdf
871,,,,,,O-RAN.WG2.TS.R1TP-R004-v04.03.docx,143128,b53dc6e517adca2b53b060c1fcd588c2c7d02f72936a12fc58327c115857312e,downloads/O-RAN.WG2.TS.R1TP-R004-v04.03.docx
875,,,,,,O-RAN.WG2.TR.PlcCnfMtgt-R004-v01.00.docx,2780936,fd81f5d6b0f3605ab75b59a626059a7e3d51c324058945fc1cb8b867bedcdfb2,downloads/O-RAN.WG2.TR.PlcCnfMtgt-R004-v01.00.docx
877,,,,,,O-RAN.WG2.TR.A1PENF-R004-v01.00.docx,1370297,fb9f92023fce76cff0aad5d4f47f02e081f50db75931400a6da5569164c12bf8,downloads/O-RAN.WG2.TR.A1PENF-R004-v01.00.docx
878,,,,,,O-RAN.WG2.TS.Non-RT-RIC-ARCH-R004-v07.00.docx,3412629,05096f081a0c8ebb98fbeb8c94e4aec84dfd06115c28a67b9459f236dc52136a,downloads/O-RAN.WG2.TS.Non-RT-RIC-ARCH-R004-v07.00.docx
880,,,,,,O-RAN.WG3.TS.E2SM-CCC-R004-v06.00.pdf,1290945,cee6d40da869045197ac543bb7a243081a014cb187e30908fe0ae1748cd1db37,downloads/O-RAN.WG3.TS.E2SM-CCC-R004-v06.00.pdf
889,,,,,,O-RAN.WG6.ASD-R004-v02.00.pdf,534066,8c543f9d58fc2617f74d81b5e387069076029f258718682d2db4df9fd82cd4ce,downloads/O-RAN.WG6.ASD-R004-v02.00.pdf
898,,,,,,O-RAN.WG6.TS.AAL-HI_PHY-R004-v08.00.pdf,1635631,5a0ae7bf6971b9d962d37bf7322e10128626c64d54d6931a105dc7091d702c11,downloads/O-RAN.WG6.TS.AAL-HI_PHY-R004-v08.00.pdf
900,,,,,,O-RAN.WG7.TS.IPC-HRD-Opt7-2.0-R005-v04.00.pdf,4486328,3ea6d43ede01f87e62e2fde164847e810e21845d8a06352b4c994e468c8426db,downloads/O-RAN.WG7.TS.IPC-HRD-Opt7-2.0-R005-v04.00.pdf
916,,,,,,O-RAN.WG11.TR.AppLCM-Security-R004-v04.00.docx,885386,a804e7fbda6cbe73cf797aa03a4891b5b4ef6dacca8618987672e065bdf15c11,downloads/O-RAN.WG11.TR.AppLCM-Security-R004-v04.00.docx
919,,,,,,O-RAN.WG11.TR.CSM-Security-R004-v01.00.docx,488297,4d6a2233eb94b9666b459e92224f04991123b189be013b5f75cbced2e66123ac,downloads/O-RAN.WG11.TR.CSM-Security-R004-v01.00.docx
929,,,,,,O-RAN.WG1.TR.O-RES.0-R004-v01.00.pdf,1914707,e8c96f1f85d11c62a845755cd27370e7bc88f4f1c265e6d7e0218da571182a56,downloads/O-RAN.WG1.TR.O-RES.0-R004-v01.00.pdf
931,,,,,,O-RAN.WG1.TR.FILM.R004-v01.00.00.pdf,941105,5e7cd7210a1981c14f13a97bdcf21a0ae5bb42f23e691fba25c64d8be2455c87,downloads/O-RAN.WG1.TR.FILM.R004-v01.00.00.pdf
934,,,,,,O-RAN.WG1.TR.SMO-INT-R004-v06.00.docx,284162,e865cf7d0b7eb55bfbe3910407ef1d1b4be93a31a268de97b8276d4baa24efd0,downloads/O-RAN.WG1.TR.SMO-INT-R004-v06.00.docx
943,,,,,,O-RAN.WG2.TS.A1TP-R004-v03.05.pdf,100093,bf274bd916a99c815629089cd83ca0c08d4f45bc9d640060b7b299445b199899,downloads/O-RAN.WG2.TS.A1TP-R004-v03.05.pdf
947,,,,,,O-RAN.WG3.TS.E2GAP-R004-v08.00.docx,4491636,259518c4326b0d585428275671a9c9f55bd46375fd4108fa9e1b0ae55c723e9c,downloads/O-RAN.WG3.TS.E2GAP-R004-v08.00.docx
948,,,,,,O-RAN.WG3.TS.E2AP-R004-v08.00.docx,1359408,e0bfb91a969b92dc5cffece68d28f6d73a450bdc63105e1484a2fbc2533a13d4,downloads/O-RAN.WG3.TS.E2AP-R004-v08.00.docx
949,,,,,,O-RAN.WG3.TS.E2SM-KPM-R004-v07.00.docx,239900,cca469fbe01a8b1841c990dd2584d557773e2ecdf53f5ab6759efc3ee3a17d5c,downloads/O-RAN.WG3.TS.E2SM-KPM-R004-v07.00.docx
950,,,,,,O-RAN.WG3.TS.E2SM-RC-R004-v09.00.pdf,5466834,14588dc60f5e71a8edda422854cbc28a83e66425696b5e2d3dd32c3ea115aae0,downloads/O-RAN.WG3.TS.E2SM-RC-R004-v09.00.pdf
960,,,,,,O-RAN.WG6.TS.O-CLOUD-INTF-CONF-R004-v04.03.pdf,1267936,027b9011ec7997c950a3c48d69c54cd8f13c274e573bfee3dd2f3f2ab8ab9f80,downloads/O-RAN.WG6.TS.O-CLOUD-INTF-CONF-R004-v04.03.pdf
961,,,,,,O-RAN.WG6.TR.O-CLOUD-ES-R004-v03.00.pdf,1519673,d2149c2935d05012aa68286e0cac6c6da2ed241c7b074e5488dde16aaa272713,downloads/O-RAN.WG6.TR.O-CLOUD-ES-R004-v03.00.pdf
968,,,,,,O-RAN.WG6.AAL-Common-API-R004-v10.00.pdf,2493128,bd1eb791dda4bd57f8ce52eb41ca25399f9c193d354de2c776b49a59ef97e5c0,downloads/O-RAN.WG6.AAL-Common-API-R004-v10.00.pdf
969,,,,,,O-RAN.WG6.AAL-GAnP-R004-v13.00.pdf,1221637,d34b9f0a92b85a5600c0ddfd894db09440c4f6b703bd1d9eef0a7604a20565c5,downloads/O-RAN.WG6.AAL-GAnP-R004-v13.00.pdf
970,,,,,,O-RAN.WG7.OMAC-HRD.0-R004-v04.00.pdf,4263367,bcf58ea0b49311594b3558312dbf4c3cdce9dbcea2a1a7ee439600928d4fdb2a,downloads/O-RAN.WG7.OMAC-HRD.0-R004-v04.00.pdf
971,,,,,,O-RAN.WG7.NES.0-R003-v03.0.pdf,1596263,b15d30c209eef974d5ffeeb49e68195950cf2f5928e4d53e6e326996dc700aea,downloads/O-RAN.WG7.NES.0-R003-v03.0.pdf
972,,,,,,O-RAN.WG8.TS.AAD.0-R005-v16.00.docx,3750849,755cc0ba2c522af78fc0112912333fb53217ff130fb28da6dc2a3c3d10364dee,downloads/O-RAN.WG8.TS.AAD.0-R005-v16.00.docx
973,,,,,,O-RAN.WG8.TS.IOT.0-R005-v14.00.docx,1422241,758198830fd46530d3b1d1a8aae57522aafbec236e1d80eb86780b7b05bf23f7,downloads/O-RAN.WG8.TS.IOT.0-R005-v14.00.docx
974,,,,,,O-RAN.WG9.XTRP-MGT.0-R004-v10.00.pdf,8203508,a427b00d628979cc0c0d5da26e9602c21cf5b5d70042b73093567b7111c098bb,downloads/O-RAN.WG9.XTRP-MGT.0-R004-v10.00.pdf
975,,,,,,O-RAN.WG9.XPSAAS.0-R004-v09.00.pdf,12394810,0cdea7e8d4a83d1f4e2dcd4979a9be55ee0d87e858762702873593d4b0e21312,downloads/O-RAN.WG9.XPSAAS.0-R004-v09.00.pdf
976,,,,,,O-RAN.WG9.XTRP-SYN.0-R004-v07.00.pdf,5964548,8f345b262cc180e7f00651b9cdd9bed157c51f56ae5204c70ae07016491cb055,downloads/O-RAN.WG9.XTRP-SYN.0-R004-v07.00.pdf
977,,,,,,O-RAN.WG10.TS.O1-Interface.0-R004-v17.00.pdf,1387094,afde3032026381a108f8f8ef6a3a92e93b39615f6fe693dfcc1a208ecea7cb72,downloads/O-RAN.WG10.TS.O1-Interface.0-R004-v17.00.pdf
978,,,,,,O-RAN.WG10.TS.O1-Interface.1-R004-v17.00.zip,2725,e9642fbdf65b8df566f9d6907cbd574962231a791cf96fc1e65db3d1b714858e,downloads/O-RAN.WG10.TS.O1-Interface.1-R004-v17.00.zip
979,,,,,,O-RAN.WG10.TS.OAM-Architecture-R004-v16.00.pdf,8881252,effc8b390b811e8865e54285c27af68d0d7ddc81a963649ac543c8e508e1a9fa,downloads/O-RAN.WG10.TS.OAM-Architecture-R004-v16.00.pdf
980,,,,,,O-RAN.WG10.TS.Information Model and Data Models.0-R004-v12.00.pdf,1572749,4a734327200cdc7020d967c3545973b5a95aef98e93426ec837d886b455febb3,downloads/O-RAN.WG10.TS.Information Model and Data Models.0-R004-v12.00.pdf
981,,,,,,O-RAN.WG10.TS.Information Model and Data Models.1-R004-v12.00.zip,6409,6f0df5d18c7d43037ed4c209fb3583c6fb1bfbfc7f441a0b15da007f8af84504,downloads/O-RAN.WG10.TS.Information Model and Data Models.1-R004-v12.00.zip
982,,,,,,O-RAN.WG10.TS.O1NRM.0-R004-v04.00.pdf,717475,e60c5088ffb92a193dd216acb73519b5b726f8973e93a0f553446c7fb3120c51,downloads/O-RAN.WG10.TS.O1NRM.0-R004-v04.00.pdf
983,,,,,,O-RAN.WG10.TS.O1NRM.1-R004-v04.00.zip,22830,6ce000d38a5293d8f235faf59d158be087523c47004f8270171bb10397e02151,downloads/O-RAN.WG10.TS.O1NRM.1-R004-v04.00.zip
984,,,,,,O-RAN.WG10.TS.O1PMeas-R004-v04.00.pdf,3298435,079013c6abb96c7aa5ec79dda8cdf20eb149b8a6b121c75e5ec3f47f82a736b2,downloads/O-RAN.WG10.TS.O1PMeas-R004-v04.00.pdf
985,,,,,,O-RAN.WG10.TR.Cloud-Native-OAM.0-R004-v01.00.pdf,786665,e9a74c0cd2a1b3d283d0767c55bfe0207049536c93529fc88cabee74dfd9c992,downloads/O-RAN.WG10.TR.Cloud-Native-OAM.0-R004-v01.00.pdf
986,,,,,,O-RAN.WG10.TS.TE&IV-CIMI.0-R004-v05.00.pdf,1260045,20d83ec62e80fafa43b880936b2d79dd6179e74286df9494863d1be12e5b02ca,downloads/O-RAN.WG10.TS.TE&IV-CIMI.0-R004-v05.00.pdf
987,,,,,,O-RAN.WG10.TS.TE&IV-DM.0-R004-v03.00.pdf,450205,23c87781e31c35daf79cbaf72e60a6b33952d706d5187d00edf67a0eaccc1af1,downloads/O-RAN.WG10.TS.TE&IV-DM.0-R004-v03.00.pdf
988,,,,,,O-RAN.WG10.TS.TE&IV-API.0-R004-v03.00.pdf,1051812,b79b8a0b6aa8caa06e955f77daac45db26f4640f57fe326044db5d54e9f45624,downloads/O-RAN.WG10.TS.TE&IV-API.0-R004-v03.00.pdf
989,,,,,,O-RAN.WG10.TE&IV-UCR.0-R004-v03.01.pdf,1513385,f4ae3fb8bfccd3f81ca50ec7c149b5c1c9ec2efb027ffaa012fc1109dae02e37,downloads/O-RAN.WG10.TE&IV-UCR.0-R004-v03.01.pdf
990,,,,,,O-RAN.WG10.TS.OnboardingSMOSGAP.0-R004-v02.00.pdf,1497263,94d382ff09257c625cd20eaa0651084e4f0d0d8921e1e0793325881af1c9dcaf,downloads/O-RAN.WG10.TS.OnboardingSMOSGAP.0-R004-v02.00.pdf
991,,,,,,O-RAN.WG11.TS.SRCS.0-R004-v13.00.docx,1369189,5c7d52ba56eb7fd28ab50b3cb07dce6e517a59d06f77ce61895b5cfbfbfcc11e,downloads/O-RAN.WG11.TS.SRCS.0-R004-v13.00.docx
992,,,,,,O-RAN.WG11.TS.SecProtSpec.0-R004-v13.00.docx,230782,2d4e6f0215cac69b0a43cd9ea0e78936998c97f1e338f64c7720e2d7c471c651,downloads/O-RAN.WG11.TS.SecProtSpec.0-R004-v13.00.docx
993,,,,,,O-RAN.WG11.TS.STS-R004-v11.00.docx,3228949,7a12837178228de65e1f44c00ac128f1c25745bcea23095173c0c0e7c5f995ac,downloads/O-RAN.WG11.TS.STS-R004-v11.00.docx
994,,,,,,O-RAN.WG11.TR.Threat-Modeling.0-R004-v07.00.docx,1420141,dccf98fa5f924a52c279bd982ee3a17dd0e74acce8b8e6f6eff968516fe840dd,downloads/O-RAN.WG11.TR.Threat-Modeling.0-R004-v07.00.docx
995,,,,,,O-RAN.WG11.TR.SCM.0-R004-v01.00.docx,96962,6fa4cb37002e480bdebe4680224b8d240ce547eacb4367db66b71561b3deaee6,downloads/O-RAN.WG11.TR.SCM.0-R004-v01.00.docx
996,,,,,,O-RAN.WG11.TR.PQC-Security.0-R004-v01.00.docx,93558,bcf01113347c77ea40b2512f16c30b986821dd824a73ab951956ec91e470b4d0,downloads/O-RAN.WG11.TR.PQC-Security.0-R004-v01.00.docx
997,,,,,,O-RAN.WG11.TR.ZTA-R004-v04.00.docx,1199922,2e6693586ed08bd76f28937a2c6e882c4d4ba4fa06622cefb3a7eaf34b3f4db1,downloads/O-RAN.WG11.TR.ZTA-R004-v04.00.docx
998,,,,,,O-RAN.WG11.TR.AIML-Security-Analysis.0-R004-v04.00.docx,954088,2fe7689396b17bcc813da03e2d2b129cc49f8108cd3aa0fb1d6319544330a022,downloads/O-RAN.WG11.TR.AIML-Security-Analysis.0-R004-v04.00.docx
999,,,,,,O-RAN.WG11.TR.Certficate-Management-Framework.0-R004-v05.00.docx,1702319,addc7d530061bd23c239b4764221ee2992f4917908668b576302e0d64f929a06,downloads/O-RAN.WG11.TR.Certficate-Management-Framework.0-R004-v05.00.docx
1000,,,,,,O-RAN.WG11.TR.Open-FH-Security.0-R004-v05.00.docx,8411408,1f57313a387fa458bd6cc69a316b30e893e509bc64ef8368ebf5681d18b84d72,downloads/O-RAN.WG11.TR.Open-FH-Security.0-R004-v05.00.docx
1001,,,,,,O-RAN.WG11.TR.Security-Near-RT-RIC-xApps.0-R004-v06.00.docx,959421,7faf07f404274cb777a47b9110af53f0195453ff0d092086fd82f3d76ce9e0d5,downloads/O-RAN.WG11.TR.Security-Near-RT-RIC-xApps.0-R004-v06.00.docx
1002,,,,,,O-RAN.WG11.TR.OAuth2.0-Security.0-R004-v06.00.docx,631824,772d8779e173b9626611281af62d311eef5b1eb6d504aab830f13183e8c0e993,downloads/O-RAN.WG11.TR.OAuth2.0-Security.0-R004-v06.00.docx
1003,,,,,,O-RAN.WG11.TR.O-CLOUD-Security.0-R004-v08.00.docx,2413223,281c03e59ec3058aec4db3c241f989c7b7755fb0cbed3de9bb8ce925426d2dc5,downloads/O-RAN.WG11.TR.O-CLOUD-Security.0-R004-v08.00.docx
1004,,,,,,O-RAN.WG11.TR.SMO-Security-Analysis.0-R004-v07.00.docx,671760,494ad63b4937d5895f912966b441cbd698ce5373db1e2162949b367bcea78b91,downloads/O-RAN.WG11.TR.SMO-Security-Analysis.0-R004-v07.00.docx
1005,,,,,,O-RAN.TIFG.TS.E2E-Test.0-R004-v08.00.docx,2268858,be696a210d0ded0213f599290f42ec7b9b75a1b15a2a05d12a7ddc4edeaa30a1,downloads/O-RAN.TIFG.TS.E2E-Test.0-R004-v08.00.docx
1006,,,,,,O-RAN.TIFG.TS.Cert-Badge.0-R004-v12.00.docx,461923,4f961d2206b939f246293e042a71cf96c513c2437202e3bfc8f377c54a67f7cb,downloads/O-RAN.TIFG.TS.Cert-Badge.0-R004-v12.00.docx
1007,,,,,,O-RAN.TIFG.TS.Cert-Badge.6-R004-v12.00.zip,220524,fcb03f3400012a6dffcdcb87ef6e0c46cd032e09f8c57c459da049348b6779fe,downloads/O-RAN.TIFG.TS.Cert-Badge.6-R004-v12.00.zip
1008,,,,,,WG6.TS.O2IMS-INTERFACE-R004-v08.00-ERR01-v01.00.pdf,233766,5600f09b8e49c9032260187d7f510efc7291904e4b9721cbc3d8d80bb8f1143b,downloads/WG6.TS.O2IMS-INTERFACE-R004-v08.00-ERR01-v01.00.pdf
1009,,,,,,O-RAN.WG1.TR.Use-Cases-Analysis-Report-R005-v19.00.pdf,4440182,81c5c24ef7d0025d1fd75fd06e8dc853e27eb2b375a62411d213b807576cd386,downloads/O-RAN.WG1.TR.Use-Cases-Analysis-Report-R005-v19.00.pdf
1010,,,,,,O-RAN.WG1.TS.Use-Cases-Detailed-Specification-R005-v19.00.pdf,13430717,1c6fc7ad015f4a0c5c9a1973b5dde9e21b469423e67967af8abf22139e91baf6,downloads/O-RAN.WG1.TS.Use-Cases-Detailed-Specification-R005-v19.00.pdf
1011,,,,,,O-RAN.WG1.TR.CCIN-R005-v02.00.pdf,2295399,58f5df4a7c556309caffdc7164317fa42c24262f01efa02b7096e1d9c08e9e1e,downloads/O-RAN.WG1.TR.CCIN-R005-v02.00.pdf
1012,,,,,,O-RAN.WG1.TR.RIC4NTN-R005-v02.00.pdf,1810982,7bb90581d0f287946b76c0d2ad22028bac1c074e107564da9b3184f2875bd933,downloads/O-RAN.WG1.TR.RIC4NTN-R005-v02.00.pdf
1013,,,,,,O-RAN.WG1.TS.OAD-R005-v16.00.docx,1044032,5ae679132253208d60b53b882bb4a17b80973557318cad160ae6ba47eb78b1ba,downloads/O-RAN.WG1.TS.OAD-R005-v16.00.docx
1014,,,,,,O-RAN.WG1.TS.SMO-ARCH-R005-v02.00.docx,290677,16b2c8d19f3773232a37cd7ed7b7b8dd4e5c5704c86dd962193c174f139aa44e,downloads/O-RAN.WG1.TS.SMO-ARCH-R005-v02.00.docx
1015,,,,,,O-RAN.WG2.TS.R1GAP-R005-v13.00.pdf,469083,4a6406d4ca54a00d51fd83b009bf5fdce7aa99cfa7a7fffeaee466904c2b9659,downloads/O-RAN.WG2.TS.R1GAP-R005-v13.00.pdf
1016,,,,,,O-RAN.WG2.TS.R1UCR-R005-v12.00.pdf,3790668,37097f8c2626bea114192ce272ae67a29f47afad354a1b6864f8e8c93de6a355,downloads/O-RAN.WG2.TS.R1UCR-R005-v12.00.pdf
1017,,,,,,O-RAN.WG2.TS.R1AP-R005-v10.00.pdf,2692088,6915364c320450d26e93785268a94153204867f132d56b5f976ef51ad3fa1d19,downloads/O-RAN.WG2.TS.R1AP-R005-v10.00.pdf
1018,,,,,,O-RAN.WG2.TS.R1TD-R005-v04.02.pdf,444535,aa6b28a64b5a6f8534319b86aa0058577508b1d74c136b4e134ee60297ddc33d,downloads/O-RAN.WG2.TS.R1TD-R005-v04.02.pdf
1019,,,,,,O-RAN.WG2.TS.R1TS-R005-v05.00.pdf,1059817,53264b2ca1f3ee270eb345178f91fe3f98338ed9d37204fb5dcd97e7371312e1,downloads/O-RAN.WG2.TS.R1TS-R005-v05.00.pdf
1020,,,,,,O-RAN.WG2.TS.A1GAP-R005-v05.03.pdf,613909,7fc3757d8a94ca0e6874fb0e7302fa6b9e0a67355c868f0633243f32283ca0a8,downloads/O-RAN.WG2.TS.A1GAP-R005-v05.03.pdf
1021,,,,,,O-RAN.WG2.TS.A1AP-R005-v06.00.pdf,975292,b10afbda30b87a863b27417e21d2d3be21b022196988919e2f1b75c9425ffaf0,downloads/O-RAN.WG2.TS.A1AP-R005-v06.00.pdf
1022,,,,,,O-RAN.WG2.TS.A1TD-R005-v11.01.pdf,1205947,e8e3f86e8df2d2d3153f5cb23e69d4510b0ddfd0ed4c7d3f76bdde32f5ca2e5e,downloads/O-RAN.WG2.TS.A1TD-R005-v11.01.pdf
1023,,,,,,O-RAN.WG2.TS.A1TS-R005-v05.00.pdf,750249,5229d718929c0095ba179aeb8066041b517b295bf100f5de2db8f60cc226eabf,downloads/O-RAN.WG2.TS.A1TS-R005-v05.00.pdf
1024,,,,,,O-RAN.WG2.TS.A1UCR-R005-v05.00.pdf,1060254,56d2a5cd67edd31bc556808311757dbcf8374c35f95fb68decc907a45b5471e8,downloads/O-RAN.WG2.TS.A1UCR-R005-v05.00.pdf
1025,,,,,,O-RAN.WG2.TR.DECSMO-Impact-R005-v02.00.pdf,258907,12eae0143aca7fe7a08788a35efc695a0094215b065f62c01895cd66c4915785,downloads/O-RAN.WG2.TR.DECSMO-Impact-R005-v02.00.pdf
1026,,,,,,O-RAN.WG2.TS.Use-Case-Requirements-R005-v11.00.docx,4187624,7253001ffaa531554e5487ee80c32156b1201b254e414df897778131003e81d3,downloads/O-RAN.WG2.TS.Use-Case-Requirements-R005-v11.00.docx
1027,,,,,,O-RAN.WG3.TS.UCR-R005-v10.00.pdf,3159638,969b80badb066f80aa425f4851cefd3529a52ab9bf845e947e37b1c89650996c,downloads/O-RAN.WG3.TS.UCR-R005-v10.00.pdf
1028,,,,,,O-RAN.WG3.TS.Y1GAP-R005-v01.02.docx,124455,ceff24815b3aa43fe33b32dfbf369e8fc48bd1832808bb7d1f9a93d1c8380534,downloads/O-RAN.WG3.TS.Y1GAP-R005-v01.02.docx
1029,,,,,,O-RAN.WG3.TS.Y1AP-R005-v01.02.docx,235205,1b5f8d365e5727f8cb21064baa5549126e084e39b44a5208e3f4b99a22be25c5,downloads/O-RAN.WG3.TS.Y1AP-R005-v01.02.docx
1030,,,,,,O-RAN.WG3.TS.Y1TD-R005-v03.00.docx,138496,8c388945666ebf1fd9abe59872d3864c21e99302ea1263d482d0811c31877280,downloads/O-RAN.WG3.TS.Y1TD-R005-v03.00.docx
1031,,,,,,O-RAN.WG3.TS.RICARCH-R005-v08.00.docx,3729871,3ba909b3decd1442864e986db0d165e8e726f77443c7fd72e8094b0e735ebaad,downloads/O-RAN.WG3.TS.RICARCH-R005-v08.00.docx
1032,,,,,,O-RAN.WG3.TS.RICAPI-R005-v03.00.docx,2005883,d398e5d8febd02ef0088836f2c2db9c16c611a2ed7d7a7187f7b823f380a259a,downloads/O-RAN.WG3.TS.RICAPI-R005-v03.00.docx
1033,,,,,,O-RAN.WG4.TS.CUS.0-R005-v20.00.docx,36061978,7b2140e76ab03e494b20726388c7c9b216615c2df21bb9534a320cb3a7a65df6,downloads/O-RAN.WG4.TS.CUS.0-R005-v20.00.docx
1034,,,,,,O-RAN.WG4.TS.MP.0-R005-v20.00.docx,6922074,719c11b5b8e7d95bb6fb5a396edfd6f97f9021b43ae8a51e077a133d15dd3e67,downloads/O-RAN.WG4.TS.MP.0-R005-v20.00.docx
1035,,,,,,O-RAN.WG4.TS.MP-YANGs-R005-v20.00.zip,246328,33799dcf18c46e818784605e15447308a27a54046c9f0c8253556e51780ca125,downloads/O-RAN.WG4.TS.MP-YANGs-R005-v20.00.zip
1036,,,,,,O-RAN.WG4.TS.IOT.0-R005-v15.00.docx,1154501,c3b1dcf9dcac445c08817dc64b7420e7311851c7acdd9b1cdc42122349ca5b85,downloads/O-RAN.WG4.TS.IOT.0-R005-v15.00.docx
1037,,,,,,O-RAN.WG4.TS.CONF.0-R005-v15.00.docx,9786716,6b4a4d3af8acc22025d57eca79c44d8a10ef4bcbb4cf0a3f2a4896b9373c7418,downloads/O-RAN.WG4.TS.CONF.0-R005-v15.00.docx
1038,,,,,,O-RAN.WG5.TS.C.1-R005-v17.00.docx,71764315,9ca81aeb3323e51df477d3a63f90af7cefca3b7d41bce857f6d624d98f6041f8,downloads/O-RAN.WG5.TS.C.1-R005-v17.00.docx
1039,,,,,,O-RAN.WG5.TS.IOT.0-R005-v15.00.docx,1096885,b6b490bebba6c217eaffa3dc80f70a04db69883cfbd3d07ea460d5771f7f0ae6,downloads/O-RAN.WG5.TS.IOT.0-R005-v15.00.docx
1040,,,,,,O-RAN.WG5.TS.D2GAP.0-R005-v03.00.docx,423810,0fac30a2173e809bb9006cdb798fa18913eff24dcca56400b1fcd68ad2231122,downloads/O-RAN.WG5.TS.D2GAP.0-R005-v03.00.docx
1041,,,,,,O-RAN.WG5.TS-D2-O&MRequirements-R005_v01.00.docx,295943,899c837226b450ebc72273162eabba6b1742e689165bfd4df574b2cfae664e54,downloads/O-RAN.WG5.TS-D2-O&MRequirements-R005_v01.00.docx
1042,,,,,,O-RAN.WG5.TS.D2AP-0.R005-v01.00.docx,428864,ec83270e0b7d076a4bb9ee98dc38faf0e136495f274f983e8d7c150f60d55fac,downloads/O-RAN.WG5.TS.D2AP-0.R005-v01.00.docx
1043,,,,,,O-RAN.WG5.TS.D2AP-R005-v01.00-ERR01-v01.00.docx,68122,12075031ca99414783fbc3c27f2907481423ca072ad53a40868184488e8efb27,downloads/O-RAN.WG5.TS.D2AP-R005-v01.00-ERR01-v01.00.docx
1044,,,,,,O-RAN.WG6.TS.O2DMS-INTERFACE-ETSI-NFV-PROFILE-R005-v10.00.pdf,2432892,45797a3e0538c4ce08e0537f045cdbe79591b1c55bdb0db13a2c8c0a0e3e834a,downloads/O-RAN.WG6.TS.O2DMS-INTERFACE-ETSI-NFV-PROFILE-R005-v10.00.pdf
1045,,,,,,O-RAN.WG6.TS.O2-GA&P-R005-v10.00.pdf,2787187,11859207e26293ecb82fac7f27f859cc52520375a9894091b429039c25e0f3ba,downloads/O-RAN.WG6.TS.O2-GA&P-R005-v10.00.pdf
1046,,,,,,O-RAN.WG6.O2DMS-INTERFACE-K8S-PROFILE-R005-v07.00.pdf,1103434,c004887bb1688393ac4f47dcfe16a7c366b941296079f1bc528336800b7e1e49,downloads/O-RAN.WG6.O2DMS-INTERFACE-K8S-PROFILE-R005-v07.00.pdf
1047,,,,,,O-RAN.WG6.TR.FOCOM-NFO-SMOS-NBI-R005-v02.00.pdf,2512016,9f488d3fcf30f70c0fc874344b02bf159e4d3f40adfe8006a6c3d0b9301b72e0,downloads/O-RAN.WG6.TR.FOCOM-NFO-SMOS-NBI-R005-v02.00.pdf
1048,,,,,,O-RAN.WG6.TS.O-Cloud-IM-R005-v06.00.zip,1940032,ecdf56ac5683f5fe5737ea3bcb851ad8b3f90be81b81645ff2d06cac6c0b96b5,downloads/O-RAN.WG6.TS.O-Cloud-IM-R005-v06.00.zip
1049,,,,,,O-RAN.WG6.O-CLOUD-IOT-R005-v02.03.pdf,1355593,66051302e23a2c24b30fd03ed18843c2b86496ed4224dfb13a661e90ae695866,downloads/O-RAN.WG6.O-CLOUD-IOT-R005-v02.03.pdf
1050,,,,,,O-RAN.WG6.TS.O2IMS-INTERFACE-R005-v11.00.pdf,2718523,60c96afe9c6eef236e2f384846e7250c80d3a5a26ac8652dd146cffb2b8ad575,downloads/O-RAN.WG6.TS.O2IMS-INTERFACE-R005-v11.00.pdf
1051,,,,,,O-RAN.WG6.ORCH-USE-CASES-R005-v15.00.pdf,12873083,bfd2aa5f86803dc6d62762974fb95ed5ae4e648bb5e323640e336665c8e2559f,downloads/O-RAN.WG6.ORCH-USE-CASES-R005-v15.00.pdf
1052,,,,,,O-RAN.WG7.TS.OMC-HRD-Opt7-2-R005-v05.01.docx,6528796,cb335197d1063aae03a6d957f44839275d11d7b3a9cb012b27a782265daf1423,downloads/O-RAN.WG7.TS.OMC-HRD-Opt7-2-R005-v05.01.docx
1053,,,,,,O-RAN.WG8.TS.AAD.0-R005-v17.00.docx,3789606,a9dadea87cbfb9c784775be43cd32ff4c140e0902d719526050d4853ed2e3c6d,downloads/O-RAN.WG8.TS.AAD.0-R005-v17.00.docx
1054,,,,,,O-RAN.WG9.XTRP-REQ.0-R005-v02.00.pdf,3488776,3752eef2abd845a6be763a218b69162a524d257ca0ccf76fe9e3ac543ae67f2e,downloads/O-RAN.WG9.XTRP-REQ.0-R005-v02.00.pdf
1055,,,,,,O-RAN.WG9.XPSAAS.0-R005-v10.00.pdf,13975016,17fe9e76fcee8460784e7347334b2430574a55d2f64c1ecca838c4200dd9bf45,downloads/O-RAN.WG9.XPSAAS.0-R005-v10.00.pdf
1056,,,,,,O-RAN.WG9.TS.ARCH-REQ-RAN-FH-CPTN .X-R005-v01.00.pdf,572616,cdcd99b19b331d2f8c0bbfcd98adf3b33859b27f6ca055ad86631c22131e5151,downloads/O-RAN.WG9.TS.ARCH-REQ-RAN-FH-CPTN .X-R005-v01.00.pdf
1057,,,,,,O-RAN.WG10.TS.O1-Interface.0-R005-v18.00.pdf,1381450,0af19e7fbda28e1c84cf5c70ef8eaa352799d70f8261b239e5e3cd691e409a5f,downloads/O-RAN.WG10.TS.O1-Interface.0-R005-v18.00.pdf
1058,,,,,,O-RAN.WG10.TS.Information Model and Data Models.0-R005-v13.00.pdf,1335098,25a8f09bac058de8fb1d7ec8c4280e3edfc2a3b9e7edff59a63238dd698ba445,downloads/O-RAN.WG10.TS.Information Model and Data Models.0-R005-v13.00.pdf
1059,,,,,,O-RAN.WG10.TS.Information Model and Data Models.1-R005-v13.00.zip,6409,93669baa0800884a825effb62039cc6e39bb7cfb3773482ba53f1b8ffd878438,downloads/O-RAN.WG10.TS.Information Model and Data Models.1-R005-v13.00.zip
1060,,,,,,O-RAN.WG10.TS.OAM-Architecture-R005-v17.00.pdf,2266405,eea63370b4a3ca34a0b3988856c65c2d104e9dba833fce63a71125e09babd5d1,downloads/O-RAN.WG10.TS.OAM-Architecture-R005-v17.00.pdf
1061,,,,,,O-RAN.WG10.TS.O1PMeas-R005-v05.00.pdf,2437294,0cfd833bf5ea06c4886bc75d723154a2f61253fbdbd842d539ae4ae45ad41502,downloads/O-RAN.WG10.TS.O1PMeas-R005-v05.00.pdf
1062,,,,,,O-RAN.WG10.TS.TE&IV-CIMI.0-R005-v06.00.pdf,1294598,7494c89830bc61b1bd7e384346525640235c712c0468f4d1d828d3ca31e15406,downloads/O-RAN.WG10.TS.TE&IV-CIMI.0-R005-v06.00.pdf
1063,,,,,,O-RAN.WG10.TS.TE&IV-DM.0-R005-v04.00.pdf,503115,e67b97112b0f425ec3029fe9044b7b685bacf61ae551403187aff5f3ef3a710c,downloads/O-RAN.WG10.TS.TE&IV-DM.0-R005-v04.00.pdf
1064,,,,,,O-RAN.WG10.TS.TE&IV-API.0-R005-v04.00.pdf,1055543,9ef1de235cebeb182f6b445c62e6ccd1573dd05ff744bb55c74e9cfbbcb1225d,downloads/O-RAN.WG10.TS.TE&IV-API.0-R005-v04.00.pdf
1065,,,,,,O-RAN.WG10.TS.AppPkgGAP-R005-v01.00.pdf,750060,4b845fcfee1733676aec6d96a17c455ec335c81ba870d3a8d0ca58240035c12f,downloads/O-RAN.WG10.TS.AppPkgGAP-R005-v01.00.pdf
1066,,,,,,O-RAN.WG11.TS.STS-R005-v12.00.docx,3557153,1ee42346a64bfe0aa64d4cf3bc9471012d955339b5311a04cbee06845f2f0f35,downloads/O-RAN.WG11.TS.STS-R005-v12.00.docx
1067,,,,,,O-RAN.WG11.TS.SRCS.0-R005-v14.00.docx,1317575,77c33435957084ab78affc5b3b37651bef7a692fddcd38b9fe217b92486c1501,downloads/O-RAN.WG11.TS.SRCS.0-R005-v14.00.docx
1068,,,,,,O-RAN.WG11.TS.SecProtSpec.0-R005-v14.00.docx,234819,d461dea7e44936ca4c2c4620170531aa6f23bb45a3c6d16c4e1c485347ea0eed,downloads/O-RAN.WG11.TS.SecProtSpec.0-R005-v14.00.docx
1069,,,,,,O-RAN.WG11.TR.Threat-Modeling-R005-v08.00.docx,1431202,95c2f813a195f44db517bbadf639732231f98f9af68e2defdbe654057d8448d7,downloads/O-RAN.WG11.TR.Threat-Modeling-R005-v08.00.docx
1070,,,,,,O-RAN.WG11.TR.SCM.0-R005-v02.00.docx,90210,2a2a6a8842a8bb5dc7389a948ba67f01052176bf8572bb4ff7af672e41adc787,downloads/O-RAN.WG11.TR.SCM.0-R005-v02.00.docx
1071,,,,,,O-RAN.WG11.TR.PQC-Security.0-R005-v02.00.docx,104841,33b0245f7d3c9fdeede60c163c3940b0b84f92ee0cff02343fa9cf82e23c3a17,downloads/O-RAN.WG11.TR.PQC-Security.0-R005-v02.00.docx
1072,,,,,,O-RAN.WG11.TR.Certficate-Management-Framework.0-R005-v06.00.docx,1704814,6668a6ed436917c8c7efd592021e802ca7ac63eb7c4dac2930394b253f4f4028,downloads/O-RAN.WG11.TR.Certficate-Management-Framework.0-R005-v06.00.docx
1073,,,,,,O-RAN.WG11.TR.AIML-Security-Analysis.0-R005-v05.00.docx,968775,b5069bc6e1186beb2828b287e2106c735ad20f80115ba4b4d0eecb6bd1c0b4b2,downloads/O-RAN.WG11.TR.AIML-Security-Analysis.0-R005-v05.00.docx
1074,,,,,,O-RAN.WG11.TR.ZTA-R005-v05.00.docx,1237703,a8b60628a921b127faac7f6a914c5e5489be4bfdd33b04beb795494493ed64f3,downloads/O-RAN.WG11.TR.ZTA-R005-v05.00.docx
1076,,,,,,O-RAN.WG11.TR.Security-Near-RT-RIC-xApps.0-R005-v07.00.docx,962995,8e6dbd220e1c695f4516e80ad90c17bbe30e7231732344b63ea1c2f5847a3bc3,downloads/O-RAN.WG11.TR.Security-Near-RT-RIC-xApps.0-R005-v07.00.docx
1077,,,,,,O-RAN.WG11.TR.OAuth2.0-Security.0-R005-v07.00.docx,625669,23ac80864caeb8638c13abb59ef1326531b3d4f72003661fcd0bfa9977e74c90,downloads/O-RAN.WG11.TR.OAuth2.0-Security.0-R005-v07.00.docx
1078,,,,,,O-RAN.WG11.TR.SMO-Security-Analysis.0-R005-v08.00.docx,271648,52af54254e902108042505deb557d20b7be7b40111788daba34a01e7cc0e84d1,downloads/O-RAN.WG11.TR.SMO-Security-Analysis.0-R005-v08.00.docx
1079,,,,,,O-RAN.WG11.TR.O-CLOUD-Security.0-R005-v09.00.docx,2421319,a170fb0e9f77f4022e22dc5c4b16d00ae1a89ad209ddf8f7bf7f99360685db4c,downloads/O-RAN.WG11.TR.O-CLOUD-Security.0-R005-v09.00.docx
1080,,,,,,O-RAN.WG11.TR.CSM-Security-R005-v02.00.docx,574953,f3ed6f25d29d6be0ad21677f8c763cdd861370f234ebc369a7738bd3cb3780c6,downloads/O-RAN.WG11.TR.CSM-Security-R005-v02.00.docx
1081,,,,,,O-RAN.TIFG.TS.Cert-Badge.6-R005-v13.00.zip,572371,ee6fb1f128c0034d5988cbd0ca1d4215761ab56cf78471f31e829670974a49cb,downloads/O-RAN.TIFG.TS.Cert-Badge.6-R005-v13.00.zip
1082,,,,,,O-RAN.TIFG.TS.E2E-Test.0-R005-v09.00.pdf,5591420,7c9f2c91dc915e9ceff5dbd7d2ba7ab7aa37b446c9469fc2ff4aa28eaf81bd58,downloads/O-RAN.TIFG.TS.E2E-Test.0-R005-v09.00.pdf
